<?xml version="1.0" encoding="UTF-8"?>
<!DOCTYPE mapper
  PUBLIC "-//mybatis.org//DTD Mapper 3.0//EN"
  "http://mybatis.org/dtd/mybatis-3-mapper.dtd">
<mapper namespace="kr.green.tour.dao.PlaceDAO">
	<select id="selectPlaceList" resultType="kr.green.tour.vo.PlaceVO">
	 select * from place where main_id = #{cri.main_id} and name like concat('%', #{cri.search},'%')
	  order by place_id asc limit #{cri.pageStart}, #{cri.perPageNum}
	  
	</select>
	
	<select id="selectTotalCount" resultType="int">
		select count(*) from place where main_id = #{cri.main_id} and name like concat('%', #{cri.search},'%')
	</select>
	
	<insert id="insertPlace">
		insert into place(main_id, address1, img, tel, lodgeId, name) 
		values (#{place.main_id}, #{place.address1}, #{place.img},#{place.tel}, #{place.lodgeId}, #{place.name} )
	</insert>
	
	<update id="updatePlace">
		update place set
		
		 latitude =#{place.latitude}
		 longitude=#{place.longitude}
		 
		where lodgeId=#{place.lodgeId} 
	</update>
	
	<select id="selectPlaceVO" resultType="kr.green.tour.vo.PlaceVO">
	 select * from place where lodgeId=#{lodgeId}
	</select>
	
	<select id="getPlaceDetail" resultType="kr.green.tour.vo.PlaceVO">
		select * from place where place_id = #{place_id} 
	</select>
	
	<select id="selectLikes" resultType="kr.green.tour.vo.LikesVO">
		select * from likes where likes_place_id = #{likes.likes_place_id} and likes_user_id = #{likes.likes_user_id}
	</select>
	
	<insert id="insertLikes">
		insert into likes(likes_place_id,likes_user_id,state) values(#{likes.likes_place_id},#{likes.likes_user_id},#{likes.state})
	</insert>
	
	<update id="updatePlaceLikes">
		update place set place_up = (select count(*) from likes where likes_place_id = #{likes.likes_place_id} and state = 1),
										 place_down = (select count(*) from likes where likes_place_id = #{likes.likes_place_id} and state = -1)
					where place_id = #{likes.likes_place_id} 
	</update>
	
	<update id="updateLikes">
		update likes set state = #{likes.state} where likes_place_id = #{likes.likes_place_id} and likes_user_id = #{likes.likes_user_id} 
	</update>


</mapper>